organKey|organName
Skin|Skin
Hair|Hair
Subcutaneous|Subcutaneous
Bones|Bones
Cartilage|Cartilage
Ligaments|Ligaments
Bone Marrow|Bone Marrow
Muscles|Muscles
Tendons|Tendons
Brain|Brain
Spinal Cord|Spinal Cord
Nerves|Nerves
Eyes|Eyes
Ears|Ears
Pituitary Gland|Pituitary Gland
Parathyroid Gland|Parathyroid Gland
Thyroid Gland|Thyroid Gland
Adrenal Gland|Adrenal Gland
Thymus|Thymus
Gonads|Gonads
Heart|Heart
Blood|Blood
Blood Vessels|Blood Vessels
Spleen|Spleen
Lymph Nodes|Lymph Nodes
Lymphatic Vessels|Lymphatic Vessels
Lungs|Lungs
Trachea|Trachea
Larynx|Larynx
Nasal Cavities|Nasal Cavities
Pharynx|Pharynx
Stomach|Stomach
Intestinal Tract|Intestinal Tract
Liver|Liver
Pancreas|Pancreas
Esophagus|Esophagus
Salivary Glands|Salivary Glands
Kidneys|Kidneys
Urinary Bladder|Urinary Bladder
Urethra|Urethra
Ovaries|Ovaries
Uterus|Uterus
Mammary Glands|Mammary Glands
Testes|Testes
Prostate Gland|Prostate Gland
External Genitalia|External Genitalia