organKey|organSystemKey
Skin|Integumentary
Hair|Integumentary
Subcutaneous|Integumentary
Bones|Skeletal
Cartilage|Skeletal
Ligaments|Skeletal
Bone Marrow|Skeletal
Muscles|Muscular
Tendons|Muscular
Brain|Nervous
Spinal Cord| Nervous
Nerves|Nervous
Eyes|Nervous
Ears|Nervous
Pituitary Gland|Endocrine
Parathyroid Gland|Endocrine
Thyroid Gland|Endocrine
Adrenal Gland|Endocrine
Thymus|Endocrine
Thymus|Lymphatic
Pancreas|Endocrine
Gonads|Endocrine
Heart|Cardiovascular
Blood|Cardiovascular
Blood Vessels|Cardiovascular
Spleen|Lymphatic
Lymph Nodes|Lymphatic
Lymphatic Vessels|Lymphatic
Lungs|Respiratory
Trachea|Respiratory
Larynx|Respiratory
Nasal Cavities|Respiratory
Pharynx|Respiratory
Stomach|Digestive
Intestinal Tract|Digestive
Liver|Digestive
Pancreas|Digestive
Esophagus|Digestive
Salivary Glands|Digestive
Kidneys|Urinary
Urinary Bladder|Urinary
Urethra|Urinary
Ovaries|Reproductive
Uterus|Reproductive
Mammary Glands|Reproductive
Testes|Reproductive
Prostate Gland|Reproductive
External Genitalia|Reproductive